filename,caption
Videogame_Real.mp4,"The video captures a series of vignettes showcasing a person immersed in gaming. Initially, the individual is seen expertly wielding a video game controller, their focus and concentration evident through their body language. As the scenes unfold, the camera remains fixed on the controller, mirroring the player's hands as they navigate the digital world. The repetition creates a sense of fluidity and continuity, drawing the viewer into the gaming experience. Eventually, the setting shifts to a living room, where the gamer sits in front of a TV, their game controller still firmly in hand, fully absorbed in the virtual reality unfolding before them."
Thunder_Real.mp4,"A dramatic stormy sequence unfolds, starting with a foreboding cloudy sky. A solitary car navigates a winding forest road, evoking a sense of isolation. The atmosphere intensifies as lightning strikes over the city, its electrifying presence casting an ominous glow. The scene repeats, with the car emerging from the forest and traversing a similar road, amidst an ever-present stormy backdrop. The video builds tension through repetition and striking visuals, culminating in an intense display of nature's power."
Beach_Real.mp4,"A serene beach scene unfolds as vibrant sunsets paint the horizon. Palm trees sway gently in the breeze, their leaves rustling softly against the calm ocean waves. The sky transitions seamlessly from warm oranges to deep blues, mirroring the ebb and flow of the tide. As the sun dips lower, the atmosphere transforms into a tranquil haven, inviting relaxation and rejuvenation amidst nature's soothing symphony."
Chef_Real.mp4,"In a bustling restaurant, a skilled chef expertly prepares a culinary masterpiece. The scene unfolds as the chef meticulously garnishes a dish, whisks together a meringue, and carefully places a delicate cake in the oven. Amidst the sizzling pans and aromatic spices, a dignified man in attire dons the iconic chef's hat to take on the role of patissier. His hands move with precision as he expertly crafts the cake's intricate design, showcasing his mastery of both flavors and presentation. The kitchen comes alive with the symphony of clinking utensils and savory aromas, as the chef's creativity is revealed in every perfectly executed detail."
Drone_Real.mp4,"A serene and majestic aerial journey unfolds as a drone soars through the skies, capturing breathtaking vistas of lush green fields and tranquil parks. The camera pans over rolling hills, forests, and lakeshore landscapes, showcasing the beauty of nature's diverse ecosystems. As the drone glides effortlessly, it weaves in and out of picturesque scenes, offering an immersive experience that conveys a sense of freedom and wonder. With each gentle sweep of its wings, the drone invites viewers to explore the serene world it inhabits, revealing hidden gems and timeless moments suspended in time."
Bike_Real.mp4,"A solo adventurer embarks on an exhilarating journey through the woods, navigating dense foliage and rugged terrain. The tranquil atmosphere gives way to moments of high-speed thrills as he rides his bike down a steep hill, the wind rushing past him with reckless abandon. As he navigates the winding trails, the scenery unfolds in vivid detail: towering trees, rustling leaves, and sunlit glades. With each step, the journey becomes a symphony of sensations, from serene solitude to heart-pounding adrenaline rushes. The forest comes alive as the adventurer's spirit soars with every twist and turn of his ride."
Pianist_Real.mp4,"A serene and introspective scene unfolds as a musician sits at the piano, lost in the art of music-making. With deliberate strokes, they bring to life a symphony of sounds, their fingers dancing across the keys with varying degrees of precision. As the melody ebbs and flows, the pianist's attire becomes an integral part of the performance, with a white glove adding an air of elegance and poise. The repetition of the image conveys a sense of focus and determination, as if the musician is one with their craft, channeling emotions into every note."
Butterfly_Real.mp4,"A serene and peaceful scene unfolds as a delicate butterfly alights on a majestic purple flower, its vibrant hue against the soft petals. The butterfly's gentle fluttering creates a soothing rhythm, punctuated by moments of stillness as it sips nectar from its perch. As the butterfly takes flight, its path is woven through the air, carrying the viewer along with its tranquil journey. The scene evolves into one of serene beauty, inviting the observer to pause and appreciate the simple joys of nature's splendor."
Football_Real.mp4,"The video captures the excitement of a lively soccer match, with players displaying their skills and enthusiasm. The scene begins with a player taking a break, standing on the field with their feet up, before suddenly kicking a soccer ball in mid-air. This action is followed by rapid-fire sequences of a player kicking the ball, highlighting their agility and footwork. As the game progresses, the energy builds, with players moving at high speed, showing off their techniques. The video conveys the joy and competition of the sport, showcasing the passion and dedication of the athletes."
Farmer_Real.mp4,"The video follows a serene and rustic narrative, taking viewers through a sun-dappled landscape of fields and forests. A lone figure is seen tending to the earth, first pruning a knife through the grass and then kneeling among the cornstalks. As the scene unfolds, a dog appears in the distance, followed by a person clad in boots and a hat, both seemingly lost in contemplation. The tranquil atmosphere is punctuated only by the sound of rustling leaves and the quiet hum of nature."
Soldier_Real.mp4,"A gripping narrative unfolds as a lone figure, clad in a gas mask, navigates a desolate landscape. The protagonist is first seen holding a gun, their presence ominous and foreboding. They then sit amidst a pile of tires, a stark contrast to the previous action. As they transition into repair mode, working on damaged tires suggests a more introspective state. Later, the figure dons a crisp white shirt and blue tie, hinting at a deeper emotional turmoil beneath the surface. The narrative is one of complex character dynamics, where a person's appearance and actions reveal a multifaceted personality struggling to find equilibrium."
Waterfall_Real.mp4,"The video follows a serene journey along a winding river, interrupted by breathtaking waterfalls. The tranquil atmosphere is contrasted with the majestic display of cascading water, creating a sense of awe and wonder. As the camera pans across the landscape, it reveals lush greenery and dense forests, emphasizing the beauty of nature's raw power. The repetition of similar scenes suggests a cyclical rhythm, underscoring the video's focus on the soothing presence of waterfalls amidst the serene river surroundings."
PolarBear_Real.mp4,"A serene polar bear experiences a tranquil day at its enclosure, where it enjoys basking in warm sunlight filtering through the roof. As it lazily soaks up the rays, the bear becomes immersed in the sensation, its surroundings becoming secondary to the pure delight of warmth. Later, as the sun reaches its peak, the polar bear seeks refuge from the heat, finding solace on a rocky outcropping within the safety of its zoo home."
RoadFullOfCars_Real.mp4,"A rapid-paced montage captures the hustle and bustle of urban life, focusing on a bridge that serves as a nexus for commuting. Cars whizz by in every direction, creating a sense of frenetic energy. The scenes seamlessly transition from one to another, conveying the idea of constant movement and flow. As the bridges and city streets blend together, a narrative of busy lives, daily commutes, and urban rhythms emerges, immersing the viewer in the sights and sounds of a vibrant metropolis."
Rocket_Real.mp4,"A dramatic and intense sequence unfolds as a massive cloud of smoke billows forth, signaling the impending launch. A majestic space shuttle rises majestically from its towering launchpad, its engines roaring to life as it pierces the atmosphere. The vehicle ascends rapidly, leaving a trail of vaporized debris in its wake. As it gains speed, the shuttle breaks free from Earth's grasp, soaring into the sky with breathtaking ferocity. The sheer power and precision of this technological marvel leave onlookers awestruck, as the space shuttle blasts off into the unknown."
EspressoMachine_Real.mp4,"A montage of a coffee shop's morning routine unfolds, showcasing the tranquil atmosphere. The camera pans over a bustling caf√©, capturing the gentle hum of conversation and the aroma of freshly brewed coffee. A barista expertly crafts a perfect cup, with each pour emphasizing the machine's rhythmic flow. As the scene progresses, the focus shifts to individual cups being filled, their contents gradually transforming from dark liquid to rich brown. The tranquility is interrupted only by the occasional clink of cups and the gentle hiss of steam, creating an immersive experience that transports viewers into a cozy morning routine."
Dolphin_Real.mp4,"A playful and vibrant aquatic scene unfolds as a dolphin leaps out of the water, followed by moments of joyful playtime. A seal briefly joins in, sharing a splashy adventure before returning to its own solitary escapade. As the dolphins continue their exploration, balloons appear, adding an air of whimsy and fun. Meanwhile, a ball becomes a recurring companion, symbolizing carefree delight amidst the ocean's waves. The scenes blend seamlessly, weaving together a tale of aquatic camaraderie and unbridled joy."
Skier_Real.mp4,"The video captures the exhilarating experience of skiing and snowboarding in a serene winter landscape. A lone skier descends a majestic snowy mountain, their speed and agility evident as they navigate through the powdery terrain. As the skier reaches the bottom, they switch to a snowboard and glide down a gentle slope, taking in the breathtaking views of the surrounding mountains. The video seamlessly blends these two scenes, creating an immersive experience that conveys the thrill and freedom of hitting the slopes on a crisp winter day."
Cat_Real.mp4,"A serene and peaceful scene unfolds as a lazy cat stretches out in a sun-drenched meadow, surrounded by lush green blades of grass. The feline figure languidly reclines, soaking up the warmth and light, its fur glistening with dew. As it basks in the serenity of its surroundings, the cat's contented sighs seem to blend seamlessly into the gentle rustle of the leaves and the soft hum of nature's symphony. The tranquil atmosphere is complete, inviting the viewer to immerse themselves in the simple joys of life, where time stands still and all that matters is the present moment."
Purse_Real.mp4,"A person embarks on a journey, stopping at various places to send and receive messages. A blue bag is placed in the back of the car, while someone sits inside, holding a cell phone to make a call. The scene shifts to another location where they're still using their phone, now with friends or family nearby. As the trip continues, the person receives a message, likely from someone waiting for them at a destination."
Pilot_Real.mp4,"A surreal sequence unfolds as a man in a pink shirt navigates through multiple modes of transportation. He first takes the wheel, driving a car with ease, before suddenly shifting gears and entering a cockpit, where he assumes control of an airplane. The pace quickens as he dons headphones and becomes airborne, merging two disparate environments in a whimsical dance of transition. Emotions shift from relaxation to exhilaration as the man careens through these unexpected journeys, defying logic with his fluid adaptation to each new setting."
Horse_Real.mp4,"A serene and idyllic landscape unfolds as a majestic horse grazes peacefully in a lush green field surrounded by a weathered wooden fence. The tranquil atmosphere is punctuated by the gentle rustling of leaves and the soft hum of insects, creating an immersive experience that invites the viewer to unwind and connect with nature. As the camera pans across the scene, it captures the intricate details of the horse's tranquil expression, its ears relaxed and its eyes calm, adding to the sense of serenity and harmony."
Crocodile_Real.mp4,"A serene and intense scene unfolds as a majestic crocodile glides effortlessly through the crystal-clear waters, its scaly body slicing through the surface with precision. The camera captures the creature's powerful movements, its eyes fixed intently on some unseen prey beneath the waves. With each stroke, the water rippled softly, creating a soothing melody that belies the predator's deadly intentions. As the crocodile swims deeper into the water, it disappears from view, leaving behind only ripples and a sense of primal power."
Tiger_Real.mp4,"A majestic white tiger navigates its surroundings with stealth and agility. The creature begins by traversing a narrow tree branch, showcasing its impressive balance and poise. As it transitions to solid ground, the tiger's gait shifts, transitioning from fluid tree branch traversal to bold strides across a rocky terrain. With each step, the tiger asserts its dominance over its environment, its powerful muscles rippling beneath its sleek coat. This serene yet captivating sequence showcases the majestic beauty of the white tiger in its natural habitat."
Rat_Real.mp4,"A tiny mouse navigates its surroundings, from rolling across a dull surface to settling onto a rugged terrain. As it moves, it seems almost insignificant, yet still manages to evoke a sense of quiet desperation. The repetitive motion creates a hypnotic rhythm, drawing the viewer in with each deliberate step. Despite its tiny size, the mouse exudes an air of determination, as if driven by some unseen force to explore and survive."
Tractor_Real.mp4,"A serene and repetitive landscape unfolds as a tractor methodically plows through a lush, green field. The camera captures the rhythmic motion of the machine, its wheels gliding smoothly over the terrain. The scenery remains largely unchanged, with tall grasses swaying gently in the breeze. As the tractor continues on its steady path, the scene becomes almost meditative, inviting the viewer to immerse themselves in the peaceful atmosphere. The repetition creates a sense of calmness, emphasizing the tranquility of this idyllic rural setting."
Doctor_Real.mp4,"A creative and colorful scene unfolds as a vibrant artist, adorned with blue paint, interacts with an endearing young apprentice. The atmosphere is one of whimsy and camaraderie as the artist, with striking blue locks, guides the boy through his creative journey, sparking imagination and innovation. The tender moments shared between these two characters create a heartwarming connection, while the artist's passion for their craft remains palpable, inspiring a new generation to explore their artistic side."
Car_Real.mp4,"The video captures the essence of adventure and freedom as a man drives down a winding mountain road in either a white van or a truck. The scene unfolds amidst breathtaking scenery, with a stunning long road stretching out into the distance against a vibrant red sky. As the vehicle navigates through the twists and turns of the mountainous terrain, the camera offers a bird's-eye view of the journey, immersing the viewer in the exhilarating experience of exploring the great outdoors."
Cow_Real.mp4,"A serene and idyllic scene unfolds as a cow is depicted grazing in various fields. The calm atmosphere is reflected in the peaceful, natural surroundings, with each frame showcasing the cow's tranquil behavior. The subtle variations in background, from sky to empty space, add depth to the narrative without disrupting its soothing tone."
Airplane_Real.mp4,"A massive aircraft sits atop a sprawling airport, its presence dominating the landscape. The scene unfolds in a state of repose, with the plane's stability evident in the consistent image across multiple frames. Initially, it's positioned on a runway with a ramp, before being moved to its final resting place atop the asphalt, where it remains stationary for an extended period, silently occupying space."